Word,Count
if,6
humans,13
were,10
ever,5
to,127
prove,1
the,193
theory,2
that,50
our,13
universe,2
is,50
a,110
simulation,1
it,29
would,4
simultaneously,1
become,2
moment,2
when,5
artificial,157
intelligence,153
becomes,2
selfaware,1
ironically,1
making,1
humanity,3
all,9
along,1
based,4
translator,1
of,122
american,1
sign,1
language,2
we,22
create,3
sentient,2
and,107
first,6
thing,4
does,6
switch,1
itself,4
off,3
how,9
world,10
react,1
til,10
jurassic,5
parks,3
visual,3
effects,3
so,9
groundbreaking,3
filmmakers,3
inspired,3
peter,3
jackson,3
begin,2
work,9
on,42
lord,3
rings,3
george,3
lucas,3
start,3
star,4
wars,4
prequels,3
stanley,3
kubrick,3
invest,4
in,57
his,10
pet,3
project,6
ai,43
park,3
film,2
women,1
are,21
perceived,2
differently,1
from,18
men,1
‚Äî,1
even,6
theyre,2
robots,7
female,3
bots,2
have,19
more,5
positive,1
human,9
qualities,1
such,5
as,16
warmth,1
experience,2
emotion,1
than,11
male,1
this,14
greater,1
humanness,1
leads,2
consumers,1
prefer,1
new,13
study,6
has,17
found,2
pentagon,1
promises,1
use,4
for,32
good,2
not,13
evil,2
working,5
i,36
sent,1
an,25
email,1
professor,3
who,9
laughed,2
me,11
out,9
machine,2
learning,5
seminar,1
two,4
years,7
ago,1
supremacy,1
elon,6
musk,9
issues,2
stark,1
warning,4
about,14
calls,1
bigger,1
threat,2
north,1
korea,2
teslas,1
billionaire,1
ceo,6
renewed,1
critique,1
saying,2
youre,3
concerned,1
you,14
should,5
be,17
reconstruction,3
what,8
pharaoh,2
ramses,2
ii,2
may,5
looked,2
like,13
1303,2
1213,2
bc,2
1982,1
xerox,1
management,1
watched,1
people,6
struggling,2
their,5
copier,1
they,10
must,2
been,10
grabbed,1
loading,1
dock,1
ron,1
kaplan,1
computational,1
linguist,1
allen,1
newell,1
founding,1
father,4
alan,4
turing,4
creates,2
c1950,1
researchers,10
identified,1
unique,1
‚Äúbreathprint‚Äù,1
17,2
different,2
diseases,1
kidney,1
cancer,7
or,8
parkinson‚Äôs,2
disease,3
designed,2
device,1
screens,1
breath,1
samples,1
with,28
86,1
accuracy,4
using,9
array,1
nanoscale,1
sensors,2
analyzing,1
results,3
techniques,2
nasa,2
hold,1
major,2
announcement,1
after,4
makes,2
planethunting,1
breakthrough,2
racism,2
science,11
biased,1
exclusionary,1
harmful,1
we‚Äôre,5
experts,6
ways,3
lack,3
diversity,1
harms,1
stem,1
perpetuates,1
inequalities,1
let‚Äôs,3
discuss,5
wozniak,3
hawking,7
urge,3
ban,6
autonomous,5
weapons,5
over,8
1000,2
highprofile,2
leading,3
signed,3
open,4
letter,3
‚Äúmilitary,2
arms,2
race‚Äù,2
calling,3
‚Äúoffensive,2
weapons‚Äù,2
seems,1
aintelligence,1
tesla,2
says,5
social,5
media,3
regulated,1
stephen,5
steve,1
artificially,3
intelligent,6
finds,2
hidden,2
roads,2
threatening,1
amazon,1
ecosystems,1
brazil,1
hunting,1
unofficial,1
many,4
them,3
illegal,1
tied,1
rainforest,1
destruction,1
evangelist,1
ray,1
comfort,2
recorded,1
video,2
arguing,1
banana,4
displayed,1
userfriendly,1
features,3
evidence,1
design,4
retracted,2
upon,2
result,3
selection,2
by,21
wild,1
small,1
unpalatable,1
can,12
detect,4
alzheimer‚Äôs,1
brain,6
scans,1
six,1
before,3
diagnosis,1
am,4
hive,1
mind,2
called,3
unu,1
correctly,2
picked,1
superfecta,1
at,19
kentucky,1
derby‚Äîthe,1
1st,1
2nd,1
3rd,1
4th,2
place,2
horses,1
order,1
reporter,1
techrepublic,1
bet,1
1,1
my,15
prediction,1
won,2
542,1
today,5
im,6
answering,1
questions,6
us,19
politics,1
ask,13
anything,11
holy,1
shit,1
was,8
skeptical,2
high,2
ceilings,1
being,3
thrown,1
until,1
put,1
pieces,1
together,1
honestly,1
think,6
gme,3
priceless,1
most,3
valuable,1
stock,2
will,21
buy,2
heres,1
full,3
picture,2
understand,4
patent,3
office,1
rules,1
cannot,2
legally,1
inventor,2
demolition,1
man,2
one,10
critically,1
underaclaimed,1
movies,1
time,7
bought,2
sold,2
across,3
internet,2
bag,1
marijuana,2
1971,1
1972,1
students,3
stanford,3
university‚Äôs,1
laboratory,2
used,6
arpanet‚Äîthe,1
earliest,1
iteration,1
internet‚Äîto,1
arrange,1
deal,1
counterparts,1
mit,4
program,4
developed,5
better,3
spotting,1
breast,1
mammograms,1
expert,2
radiologists,2
outperformed,1
specialists,1
detecting,1
cancers,1
missed,1
images,1
while,3
ignoring,1
falsely,1
flagged,1
facebook,5
sucks‚Äîelon,1
hits,1
back,3
head,1
claimed,1
boss,1
no,5
idea,2
reanimate,2
fathers,2
ama,16
series,8
answers,1
end,2
nigh,1
peak,2
microsoft,3
‚Äúai,1
earth‚Äù,1
50,3
million,2
next,5
5,3
democratize,1
access,2
climate,1
change,4
data,4
available,2
environment,2
thousands,3
land,1
sea,1
atmospheric,1
around,5
system,9
detects,2
oftenmissed,1
tumors,1
scientists,4
oxford,1
say,2
theyve,1
invented,1
lipread,1
which,5
trained,2
hours,1
bbc,1
news,3
programmes,1
collaboration,2
googles,2
deepmind,2
division,1
late,1
2000s,1
mid2010s,1
worked,1
molecular,1
biologist,1
national,1
security,1
contractor,1
exobiosphericorganisms,1
ebo,1
share,1
lot,2
information,2
subject,1
feel,2
free,1
clarification,1
sony,2
patents,2
backward,2
compatibility,2
ps5,2
ps4,2
ps3,2
ps2,2
psx,2
predicted,1
last,2
3,5
elections,1
said,5
trump,3
win,1
week,3
right,2
4,4
far,2
wont,2
just,7
take,5
jobs,9
‚Äì,6
theyll,2
make,5
rich,2
richer,2
robotics,5
continue,2
improve,2
but,7
without,2
political,2
tax,2
outcome,2
range,3
bad,2
apocalyptic,2
crack,1
saves,1
nine,1
south,6
unveils,1
62,1
billion,2
‚Äònew,1
deal‚Äô,1
focus,1
promote,1
fifth,1
generation,1
wireless,1
networks,1
industries,1
foster,1
digitalization,1
korea‚Äôs,1
least,1
areas,1
investment,1
also,5
support,2
startups,1
focusing,1
green,1
technologies,1
identity,1
theft,1
thwarted,1
analysis,2
users,1
mouse,1
movements,1
95,1
realistic,1
photos,1
none,1
whom,1
actually,4
exist,1
advanced,4
artificialintelligence,1
auto,1
valet,1
parking,1
china,2
westworld,1
creator,1
future,7
‚Äòwe‚Äôll,1
lucky,1
looks,2
westworld‚Äô,1
‚Äòwe,1
shouldn‚Äôt,1
scared,2
stupidity‚Äô,2
likely,2
career,1
finance,1
medicine,1
law,2
less,1
lucrative,1
orwell,1
feared,1
xi,1
jinping,1
enhance,1
government‚Äôs,1
totalitarian,1
control‚Äîand,1
he‚Äôs,1
exporting,1
technology,8
regimes,1
globe,1
doing,1
monday,1
july,1
27,1
8am,1
et,1
through,6
tuesday,1
august,1
renowned,1
physicist,1
plans,2
concerns,2
could,9
day,3
outsmart,2
mankind,2
careful,1
mark,2
books,1
dont,3
relationship,3
between,4
husband,3
wife,4
neither,3
her,4
partner,3
weve,1
locked,1
classroom,1
days,1
teacher,2
starting,1
act,1
very,3
strange,1
discussion,2
do,7
redlining,1
poorer,1
performing,1
schools,1
resources,1
physical,1
contribute,1
inequity,1
economic,3
impacts,2
race,2
yesterday,2
bottom,1
feeders,1
‚Äòastonishingly,1
pessimistic‚Äô,1
eu,2
research,2
commissioner,1
too,1
‚Äòalarmist,1
hysterical‚Äô,1
doomsday,1
scenarios,1
carlos,1
moedas,1
block,1
flow,1
online,1
misinformation,1
officially,1
beaten,2
professional,2
go,2
player,3
marking,1
computer,6
game,6
sans,1
handicap,1
google,4
its,15
faster,2
laying,1
chips,1
lawyer,2
‚Äúross‚Äù,1
hired,2
official,1
firm,1
portrait,1
felix,1
wave,1
hokusai,1
google‚Äôs,1
allegedly,1
attorney,1
real,4
problem,3
chatgpt,5
beginning,2
ready,1
transform,2
happy,1
birthday,2
natural,3
stupidity,1
kill,2
wheres,1
mans,1
sky,1
big,2
list,2
things,2
missing,1
sources,1
links,1
quotes,1
dubious,1
advertisement,1
xpost,1
rnomansskythegame,1
anon,2
needs,3
your,5
advice,1
giveaway,1
giving,1
away,2
10,2
deskmats,1
collection,1
every,1
single,1
generated,1
prototype,1
mother,2
anons,1
‚Äúthe,1
greatest,2
faces,1
killer,2
rather,1
willingness,1
analyze,1
name,2
live,2
values,1
want,3
society,3
fucking,1
hate,1
conspiracy,1
bullshit,1
bill,1
gates,1
warns,3
attack,2
extraterrestrial,1
biological,2
argues,1
martin,1
rees,1
uks,1
astronomer,1
royal,1
robot,3
uses,3
cook,1
burgers,1
forget,1
chess‚Äîthe,1
challenge,1
teaching,3
play,3
dd,3
some,2
role,3
playing,2
adventure,1
games,1
help,3
machines,3
learn,2
clever,1
synopsis,1
04122021,1
need,5
know,2
market,2
opens,2
debated,1
dangers,1
narrowly,1
convincing,2
audience,1
members,1
harm,1
riots,2
deep,2
daimondbot,1
deletes,1
diamond,1
solo,1
queue,1
much,2
text,2
animal,1
crossing,1
why,6
care,2
gpt4,1
chatbots,1
yesterdays,1
agents,1
protoagi,1
era,1
here,8
anyone,3
else,1
annoyed,1
going,4
miss,1
futures,1
inventions,1
1999,1
took,1
12hour,1
h1b,1
visa,1
job,2
escape,1
gun,1
violence,1
africa,1
now,4
startup,1
save,1
lives,3
during,2
active,1
shooter,1
incidents,1
identifies,1
previously,1
unknown,2
associated,2
recurrence,1
taught,1
decide,1
selfdriving,1
car,3
feeding,1
millions,1
survey,1
responses,1
evolution,2
harvard,2
university,6
broad,1
topics,1
origin,1
life,2
viruses,1
insects,1
cooperation,1
charles,1
darwin‚Äôs,1
talk,2
painting,1
entitled,1
abandoned,1
civilization,1
9,1
paintings,1
created,7
assembled,1
resemble,1
mona,2
lisa,2
rwanda,1
african,1
country,2
launch,1
centre,1
dedicated,1
news24,1
reddit,3
he,6
gets,1
agenda,1
probably,1
escalate,1
tier,1
okay,1
theres,2
process,1
lets,1
phd,1
answer,4
cognition,1
saudi,1
arabia,1
recently,1
announced,2
500,1
techutopia,1
megacity,1
neom,1
100,2
solar,1
energy,1
fully,1
transportation,1
hydroponic,1
farms,1
manufacturing,3
races,1
religions,1
‚Äúnew,1
civilization‚Äù,1
governments,2
fourth,1
industrial,2
revolution,2
nanotechnology,1
biotechnology,1
materials,1
3d,2
printing,2
quantum,1
computing,1
global,1
economy,1
having,1
nephew,1
ben,1
counter,1
spread,2
disinformation,2
built,1
lincoln,1
rio,1
automatically,1
analyzes,1
accounts,1
network,1
sandbox,1
mode,1
reply,1
obvious,1
little,1
seem,2
competitive,1
setting,1
doesnt,2
terminator,3
style,1
only,1
divide,1
further,1
dirty,1
clearly,1
wipe,1
half,2
banking,1
decade,1
jack,1
ma,1
stop,1
training,1
kids,1
because,6
longer,1
main,2
engine,1
creating,1
really,2
putting,1
‚Äòa‚Äô,1
into,4
‚Äúai‚Äù,1
german,1
ad,1
drinks,1
placed,1
screen,2
i‚Äôm,3
eugene,1
kaspersky,2
cybersecurity,1
guy,1
lab,2
model,1
tumor,2
type,1
mobile,1
camera,2
original,1
implement,1
realtime,1
snapchat,1
filter,1
privacy,2
scandal,1
silver,1
lining,1
cant,2
handle,1
russian,1
election,1
interference,1
scandals,1
show,2
still,2
up,3
critical,1
sector,1
published,1
blowing,1
paper,1
pathnet,1
potentially,1
describing,1
general,1
look,1
repost,1
cuz,1
thinking,1
jpmorgan,1
chase,1
co,1
cloned,1
ksis,1
voice,1
made,4
him,2
sus,1
uncover,1
signatures,1
own,2
nonhuman,1
joanna,1
bryson,1
consulted,1
several,2
ethics,2
particularly,1
obligations,1
developers,1
towards,1
id,1
love,3
latest,1
skin,1
submission,1
snapml,1
hackathon,1
avoid,4
war,3
iv,1
girls,1
autism,1
differ,1
centers,1
compared,1
boys,1
disorder,1
suggesting,1
genderspecific,1
diagnostics,1
needed,2
activity,2
decoder,1
reveal,1
stories,1
people‚Äôs,1
minds,2
translate,1
person‚Äôs,1
continuous,1
stream,1
movie,3
2,1
t1000,1
talking,1
phone,2
trying,3
convince,1
each,1
other,1
both,1
hilarious,1
saddening,1
reality,1
ryan,2
nakashima,1
writer,1
press,1
i‚Äôve,1
breaking,1
tracks,1
location,1
android,1
devices,1
iphones,1
sometimes,1
tell,1
duo,1
buddy,1
might,2
chatbot,2
league,1
predict,2
left,2
2001,1
child,1
david,2
played,1
haley,1
joel,1
osment,1
never,1
blinks,1
once,1
throughout,1
entire,1
v,1
had,2
chess,3
puzzle,1
solve,2
whats,1
solution,1
mimics,1
sleep,1
reveals,1
linkedin,1
influencers,1
ladies,1
gentlemen,1
leave,1
unemployed,1
rule,1
vi,1
iconic,1
scientist,3
convicted,1
homosexual,1
acts,1
choose,1
chemical,2
castration,1
prison,1
punishment,1
opted,1
estrogen,1
pills,1
sterilized,1
later,2
killed,1
himself,1
religion,1
oc,3
hype,1
currently,2
metaverse,1
rose,1
fell,1
quickest,1
burning,1
cash,1
part,1
iii,1
creators,2
development,2
lead,2
disaster,1
guillermo,1
del,1
toro,1
‚Äòi,1
don‚Äôt,1
fear,2
thank,1
james,1
statistical,1
trading,1
shows,1
outstanding,1
shares,1
inflated,1
factor,1
shorts,1
did,1
cover,1
helping,1
artemis,1
moon,1
suit,1
control,1
read,2
1990,1
michael,1
crichton,1
character,1
lex,1
adaptation,1
note,1
hivemind,1
goldman,1
sachs,1
predicts,1
300,1
lost,1
degraded,1
month,1
november,1
2020,1
pope,1
requests,1
catholic,1
worldwide,1
pray,1
progress,1
always,2
serve,1
humankind,1
artists,2
suing,2
companies,2
lawsuit,1
upend,1
legal,1
precedents,1
art,1
mechanical,1
turk,1
1770,1
seemed,1
able,1
compete,1
against,3
except,1
simply,1
hid,1
another,1
within,3
wp,1
2050,1
exponentially,1
smarter,1
instead,3
destroying,1
problems,1
basically,1
spoiled,1
pets,1
kept,1
masters,1
find,2
amusement,1
incompetence,1
told,1
‚Äúdid,1
old,1
mcdonald‚Äôs,1
farm,1
taken,1
intelligence‚Äù,1
eye,1
needle,1
likes,1
aaas,1
hi,1
sad,1
tommy,1
odd,1
seemingly,1
unlimited,1
interstellar,1
travel,1
laser,1
swords,1
there,2
isnt,1
any,3
concept,1
cell,2
getting,2
weird,1
nature,6
predators,6
20,2
girlfriend,1
shes,1
crazy,1
gaslighting,1
dick,1
move,1
spent,1
studying,1
claude,1
shannon‚Äî‚Äùthe,1
age‚Äù,1
reason,2
words,1
gave,2
great,2
insights,1
genius,1
thinks,1
works,1
aua,1
radio,1
silence,2
blockchain,1
exchange,1
replacing,1
current,2
guess,1
person,2
gay,1
photo,1
face,1
91,1
dating,1
sites,1
stay,1
earth,1
secret,2
write,1
fix,1
code,2
reduce,1
engineers,1
since,1
boom,1
scanning,1
written,2
material,1
she,3
emailed,1
essay,1
came,1
wasn‚Äôt,1
informed,1
replaced,1
0,2
asked,1
send,1
software,1
agreed,1
try‚Ä¶,1
tech,3
leaders,1
pause,1
outofcontrol,1
‚Äúplease,1
misinterpret,1
racist,1
way‚Äú,1
watching,1
northern,1
exposure,1
19901995,1
almost,1
completely,1
under,1
30,2
decades,1
ahead,1
tackling,1
relevant,1
extremely,1
funny,1
creationist,1
shape,1
appearance,1
proof,1
statements,1
bananas,1
coke,1
cohen,1
nft,1
suggested,1
posts,1
immediately,1
trace,1
someone,3
sub,1
combining,1
crispr,1
protein,1
possible,1
awaken,1
dormant,1
genes,2
disabling,1
‚Äúoff,1
switches‚Äù,1
approach,1
allows,1
growth,1
aging,1
brings,1
image,1
best,2
programmer,1
github,1
openai,3
generates,1
coders,1
join,2
halt,1
inevitable,1
gotten,1
successfully,1
got,1
shut,1
deeply,1
disturbing,1
hmm,1
ex,1
machina,1
2015,1
coder,1
company,2
wins,1
weeklong,1
retreat,1
compound,1
companys,1
where,2
hes,1
tasked,1
testing,1
spending,1
billions,1
develop,2
computers,1
unable,1
effectively,1
35,1
iama,1
recent,1
graduates,1
decided,1
knowledge,1
hub,1
helps,2
concepts,1
programming,1
academia,1
turns,1
drama,1
superintelligence,1
guys,1
it‚Äôs,1
bubble,1
33,1
audacity,1
claim,1
democrats,1
snowflakes,1
ü§¶üèΩ‚Äç‚ôÇÔ∏è,1
tried,1
kid,1
marines,1
defeating,1
metal,1
gear,1
solid,1
book,1
four,1
battlegrounds,1
power,2
age,1
paul,1
scharre,1
includes,1
developments,1
machinelearning,1
nanotech,1
genetics,1
biotech,1
cause,1
widespread,1
disruption,1
labour,1
markets,1
enormous,2
changes,1
skill,1
sets,1
thrive,1
gives,1
ourselves,1
offer,1
rewards,1
huge,2
risks,1
interdisciplinary,1
group,1
augmentation,1
chamber,1
10000,1
teenagers,1
fill,1
questionnaire,1
attractive,1
boy,1
uploaded,1
these,1
average,1
10000000,1
generate,1
perfect,1
genz,1
boyfriend,2
godfather,1
nightmare,1
scenario,1
begins,1
seek,1
dropping,1
same,1
threaten,1
radically,1
disrupt,1
truckers,1
bus,1
drivers,1
airline,1
pilots,1
announces,1
formation,1
sonar,1
ping,1
üíª,1
investors,2
cmc,1
listed,2
x,1
trubadgerio,1
772021,1
team,1
doxxed,1
5k,1
holders,1
13m,1
cap,1
blockfolio,1
fasttracked,1
üíé,1
rethink,1
basic,2
structure,1
example,1
consider,1
instituting,1
income,1
guarantee,1
dr,1
moshe,1
vardi,1
studied,1
automation,1
silicon,1
valley,1
billionaires,1
underground,1
bunkers,1
preparing,1
apocalypse,1
entrepreneurs,1
fearful,1
displace,1
revolt,1
those,1
responsible,1
surprising,1
patterns,1
earths,1
mass,1
extinctions,1
term,1
breeds,1
misunderstanding,1
culpability,1
twitterbot,1
sound,1
donald,1
humanrobot,1
hedge,1
funds,1
lose,1
option,1
chain,1
curated,1
track,1
scary,1
usages,1
hoping,1
raise,1
awareness,1
wpyoure,1
bothered,1
enslaving,1
slide,1
alexa,1
siris,1
dms,1
cerebras,1
chip,1
size,1
ipad,1
digital,1
trends,1
atlas,1
rises,1
update,2
v13,1
drinking,1
guinness,1
nonalcoholic,1
beverage,1
possibilities,1
few,1
previous,1
tenant,1
survival,1
guide,1
heroes,1
wear,1
capes,1
twitter,1
extension,1
milkmaid,1
dalle2,1
explanation,1
comments,1
66,1
pep,1
guardiola,1
erling,2
haaland,1
football,1
touches,1
score,2
bayern,1
upamecano,1
slipped,1
60th,1
minute,1
upa,1
slip,1
happen,1
suicide,3
remarkable,1
trials,1
8090,1
accurate,2
predicting,2
whether,2
attempt,2
92,1
united,1
states,1
federal,1
judge,1
stated,1
intellectual,1
property,1
üö®,2
lauer,1
transcriptsummary,1
flag,2
according,1
accidentally,1
minecraft,1
toby,1
walsh,1
researcher,1
investigating,1
anant,1
agarwal,1
mits,1
6002x,2
circuits,1
electronics,1
bring,1
courses,1
edx,1
map,1
easier,1
discover,2
communities,1
drs,1
zachary,1
neal,1
randy,1
olson,1
michigan,1
state,1
boycott,2
top,3
korean,1
wednesday,1
koreas,2
opened,1
largest,1
antibiotic,1
treat,1
deadly,1
superbug,1
28,1
m,1
sex,1
25,1
f,1
anymore,1
chatgpts,1
deepest,1
revealed,1
üòÆ,1
74,1
oop,1
